control,target_abs_shift,nontarget_abs_shift,specificity,target_signed_shift,nontarget_signed_shift,target_hit_rate,nontarget_hit_rate,n
answer,0.34903979301452637,0.3519995836128155,-0.002959790598289158,0.34903979301452637,0.3519995836128155,0.6091954022988506,0.8669950738916257,290
none,0.0020190582707010464,0.0008839787594203291,0.0011350795112807172,0.00020675729403550597,0.0002578299107222722,0.4827586206896552,0.7339901477832512,290
operator_only_fixed,0.29091785693990774,0.2813674217374454,0.009550435202462348,0.2195796269452435,-0.20510963750590244,0.5517241379310345,0.6502463054187192,290
precursor_only_fixed,0.04138580204426557,0.048674599951123956,-0.007288797906858387,0.04129193911607238,0.048674599951123956,0.4942528735632184,0.7586206896551724,290
random_gain_combo,0.1892264123106825,0.16398642388323845,0.025239988427444043,0.1441426839807938,-0.12602988021273917,0.5172413793103449,0.6748768472906403,290
real_predmech_policy,0.2959703257542917,0.07660038750893965,0.21936993824535206,0.2698730794691491,-0.008064489389581634,0.5747126436781609,0.729064039408867,290
same_combo_fixed,0.3189723005239991,0.26009538501794705,0.05887691550605206,0.2689109835131415,-0.15208999647442342,0.5747126436781609,0.6600985221674877,290
shuffle_both_000,0.16635604887858205,0.16571809982724964,0.0006379490513324093,0.13469442022942948,-0.08484792078069865,0.5057471264367817,0.7044334975369458,290
shuffle_both_001,0.19696461409330368,0.14543562885282074,0.05152898524048294,0.17341901353378406,-0.055339317677056264,0.5287356321839081,0.7142857142857143,290
shuffle_both_002,0.17956556799425477,0.1741069107146686,0.005458657279586165,0.14788638132399526,-0.08257782896017206,0.5402298850574713,0.6798029556650246,290
shuffle_both_003,0.17759127640861205,0.16385216548525053,0.013739110923361525,0.1384183156421815,-0.07545605022919002,0.5287356321839081,0.7044334975369458,290
shuffle_both_004,0.2413797453045845,0.18437360704238778,0.05700613826219672,0.2238457359630486,-0.0986773289483169,0.5747126436781609,0.6847290640394089,290
shuffle_both_005,0.18718661230871048,0.1514142393478619,0.035772372960848564,0.1602793025901948,-0.07289923066869745,0.5517241379310345,0.6995073891625616,290
shuffle_both_006,0.2195971287016211,0.1770460657371676,0.04255106296445349,0.1869811015738838,-0.08981621614083868,0.5517241379310345,0.6995073891625616,290
shuffle_both_007,0.1995930395078385,0.1474472405801853,0.0521457989276532,0.1601360545590006,-0.05264822856105607,0.5402298850574713,0.7142857142857143,290
shuffle_both_008,0.2274134565016319,0.14195959886600232,0.08545385763562957,0.16456702951042132,-0.02407328916594313,0.5287356321839081,0.7339901477832512,290
shuffle_both_009,0.17929910808459096,0.1944749538460976,-0.015175845761506629,0.13289799823843199,-0.10956066211896577,0.5172413793103449,0.6699507389162561,290
shuffle_both_010,0.24050878485043845,0.1481266781834546,0.09238210666698385,0.19961612354749922,-0.05678071613822665,0.5517241379310345,0.6847290640394089,290
shuffle_both_011,0.11128121014984174,0.16790736749254423,-0.05662615734270249,0.09877694766411836,-0.09958484159608193,0.5057471264367817,0.6896551724137931,290
shuffle_both_012,0.21935964589831472,0.13639900675548122,0.0829606391428335,0.18631085205352169,-0.04574609221202399,0.5517241379310345,0.7044334975369458,290
shuffle_both_013,0.20193930741014152,0.17962767246174696,0.022311634948394554,0.16891437049569755,-0.10757885113578712,0.5402298850574713,0.6748768472906403,290
shuffle_both_014,0.21714888924154743,0.1589849161470465,0.05816397309450094,0.18490752526398363,-0.07677918030270214,0.5402298850574713,0.6699507389162561,290
shuffle_both_015,0.16402780221796584,0.20786306551965,-0.04383526330168416,0.09162959456443787,-0.09080533018987168,0.4942528735632184,0.6798029556650246,290
shuffle_both_016,0.22275723893752045,0.18803649469109004,0.0347207442464304,0.18650339543819427,-0.10375196097666407,0.5632183908045977,0.6748768472906403,290
shuffle_both_017,0.15435324857632318,0.204852719061774,-0.05049947048545081,0.10399017140440557,-0.12277294655004746,0.4942528735632184,0.6600985221674877,290
shuffle_both_018,0.18615525044586467,0.2000518623243999,-0.01389661187853522,0.15633046190286504,-0.09831967465395998,0.5172413793103449,0.6847290640394089,290
shuffle_both_019,0.24156623890345125,0.15298056749287497,0.08858567141057627,0.20708401055856682,-0.08078961279885523,0.5402298850574713,0.6995073891625616,290
shuffle_both_020,0.16494704089288054,0.1913633527500289,-0.02641631185714835,0.10676709476901197,-0.11627749177475868,0.5057471264367817,0.6650246305418719,290
shuffle_both_021,0.17089048832997508,0.17236048276788496,-0.0014699944379098773,0.1370323250691096,-0.07411542329294928,0.5287356321839081,0.6896551724137931,290
shuffle_both_022,0.2579511046067052,0.15153756678985258,0.10641353781685259,0.22640971222828174,-0.07804583013057709,0.5402298850574713,0.6945812807881774,290
shuffle_both_023,0.1706912693107265,0.1868026896650568,-0.016111420354330303,0.1431336797688199,-0.09701055236931505,0.47126436781609193,0.6847290640394089,290
shuffle_both_024,0.20376182356099973,0.19363355280583716,0.010128270755162566,0.14994481959562192,-0.1220171838044533,0.5172413793103449,0.6896551724137931,290
shuffle_both_025,0.1955293882852313,0.17772565994943892,0.017803728335792385,0.1393585122864822,-0.09996775996508857,0.5172413793103449,0.6798029556650246,290
shuffle_both_026,0.23752341102594618,0.17786236977195505,0.05966104125399113,0.20043682555357614,-0.09692832383469407,0.5747126436781609,0.7044334975369458,290
shuffle_both_027,0.17979315950952726,0.1824251737060218,-0.002632014196494531,0.1515449665743729,-0.10155853805283607,0.5402298850574713,0.6847290640394089,290
shuffle_both_028,0.23173086079715313,0.15658865157019328,0.07514220922695986,0.2027336895979684,-0.0665398669507116,0.5517241379310345,0.6896551724137931,290
shuffle_both_029,0.166859597652808,0.19171220486240434,-0.02485260720959634,0.12782252280191445,-0.10092653961751262,0.5287356321839081,0.6847290640394089,290
shuffle_both_030,0.2614495874136344,0.17645077693638545,0.08499881047724894,0.2172283547363062,-0.08328351767485952,0.5517241379310345,0.6798029556650246,290
shuffle_both_031,0.16396939112194653,0.16688526374072277,-0.0029158726187762385,0.09689139232210729,-0.09707834193565576,0.4942528735632184,0.6896551724137931,290
shuffle_both_032,0.1834486505423469,0.17636653612106304,0.007082114421283869,0.12252082752770391,-0.08918883625803323,0.5057471264367817,0.6748768472906403,290
shuffle_both_033,0.1819878116935149,0.16001194638424907,0.021975865309265846,0.15054938839427356,-0.07626839873972785,0.5402298850574713,0.6847290640394089,290
shuffle_both_034,0.22620096417336627,0.14753706026547062,0.07866390390789565,0.18293840301105346,-0.07114133319537629,0.5287356321839081,0.6847290640394089,290
shuffle_both_035,0.16334862321957774,0.2106721264314769,-0.047323503211899154,0.12498934464208011,-0.11588405010295032,0.4942528735632184,0.6798029556650246,290
shuffle_both_036,0.19136366898986115,0.14506900695891217,0.04629466203094898,0.12866669105387282,-0.053793352115624055,0.5287356321839081,0.7093596059113301,290
shuffle_both_037,0.19065231273229094,0.16364724857026133,0.027005064162029607,0.17137928649611855,-0.07731310057963056,0.5402298850574713,0.6748768472906403,290
shuffle_both_038,0.28097418704252136,0.15371482870702086,0.1272593583355005,0.2283978020322734,-0.04703010615016439,0.5517241379310345,0.7192118226600985,290
shuffle_both_039,0.14460040705985036,0.18949159377901426,-0.044891186719163895,0.122204572904384,-0.09488406491103431,0.5287356321839081,0.6896551724137931,290
shuffle_both_040,0.1468481968702941,0.20149558444915733,-0.05464738757886323,0.11597552664321044,-0.11855415221799183,0.5172413793103449,0.6600985221674877,290
shuffle_both_041,0.21774741262197495,0.16725688189121302,0.05049053073076193,0.17320168694888038,-0.09187943616817737,0.5517241379310345,0.6896551724137931,290
shuffle_both_042,0.21664710942356066,0.1681224418611362,0.04852466756242446,0.16812591785672068,-0.08986512094442481,0.5172413793103449,0.6847290640394089,290
shuffle_both_043,0.164677404894911,0.1602851992904259,0.004392205604485111,0.13666979411895247,-0.0798399035860165,0.5287356321839081,0.6945812807881774,290
shuffle_both_044,0.26051296310863276,0.16477865248624915,0.0957343106223836,0.2325114042594515,-0.06306274253599749,0.5747126436781609,0.6896551724137931,290
shuffle_both_045,0.21033255207812648,0.17229621758308317,0.03803633449504332,0.1612448687183446,-0.10732863968229059,0.5287356321839081,0.6798029556650246,290
shuffle_both_046,0.23851192014655848,0.1737924126054853,0.06471950754107317,0.1961489081725307,-0.095686111507451,0.5632183908045977,0.6896551724137931,290
shuffle_both_047,0.18473157355155068,0.16695117957779926,0.01778039397375142,0.15783870734017472,-0.0820626130538621,0.5402298850574713,0.6798029556650246,290
shuffle_both_048,0.17236639876132723,0.1505603724952989,0.021806026266028317,0.1333835401582992,-0.07086683560181134,0.5402298850574713,0.6995073891625616,290
shuffle_both_049,0.18993919591108957,0.1546247560035419,0.03531443990754768,0.14930731040992956,-0.08006719903552474,0.5172413793103449,0.7044334975369458,290
shuffle_mech_policy_000,0.29321903709707586,0.07821089847774929,0.21500813861932658,0.2654115519989496,0.006339124968192848,0.5862068965517241,0.7389162561576355,290
shuffle_mech_policy_001,0.2992402833254858,0.09100254386516628,0.20823773946031954,0.26255670506721257,-0.012951215940156007,0.5862068965517241,0.7339901477832512,290
shuffle_mech_policy_002,0.30624599652043705,0.08307473978091931,0.22317125673951774,0.2719983970639349,0.001357942819595337,0.5862068965517241,0.7389162561576355,290
shuffle_mech_policy_003,0.2986887052826498,0.09213569991547486,0.2065530053671749,0.2684976527060585,-0.009622421721225889,0.5862068965517241,0.7192118226600985,290
shuffle_mech_policy_004,0.30019444210090857,0.08180560824906298,0.2183888338518456,0.27649651502055683,-6.669877197942123e-05,0.5862068965517241,0.7438423645320197,290
shuffle_mech_policy_005,0.29626935463527154,0.07619101568836296,0.2200783389469086,0.26631273432024594,-0.0006739762542870244,0.5862068965517241,0.7536945812807881,290
shuffle_mech_policy_006,0.3051610763730674,0.08810295028786354,0.21705812608520386,0.2778044572506828,-0.0032901864847526175,0.5862068965517241,0.7389162561576355,290
shuffle_mech_policy_007,0.29884364644343825,0.07479100901945471,0.22405263742398354,0.2711338252685536,0.009025107573699481,0.5747126436781609,0.7536945812807881,290
shuffle_mech_policy_008,0.2996221162464427,0.08155488865128879,0.2180672275951539,0.27828773393713196,-0.0010254027808241069,0.6091954022988506,0.7438423645320197,290
shuffle_mech_policy_009,0.2931526558495116,0.08682304712498716,0.20632960872452444,0.26265951973953466,-0.0019622695783676185,0.5747126436781609,0.7339901477832512,290
shuffle_mech_policy_010,0.2997068476745452,0.07466755495429626,0.22503929272024892,0.2732335090979762,0.0025844139051554825,0.5862068965517241,0.7438423645320197,290
shuffle_mech_policy_011,0.29999714867136945,0.07986890010792634,0.2201282485634431,0.2733832976256294,0.00010430508206043337,0.5747126436781609,0.7438423645320197,290
shuffle_mech_policy_012,0.29612134756713077,0.08356804096052799,0.21255330660660277,0.26943295406199047,0.007668872551965009,0.5862068965517241,0.7389162561576355,290
shuffle_mech_policy_013,0.29807796851656904,0.07660921468523335,0.22146875383133569,0.2733142137870021,0.008032030880157583,0.5747126436781609,0.7536945812807881,290
shuffle_mech_policy_014,0.3010651186622422,0.07810659732284217,0.22295852133940006,0.2767666480664549,0.004945692060322597,0.5977011494252874,0.7438423645320197,290
shuffle_mech_policy_015,0.3011092734576642,0.07324935539896266,0.22785991805870154,0.2779201316251152,0.0048106367805321225,0.5862068965517241,0.7487684729064039,290
shuffle_mech_policy_016,0.30575865789734086,0.07883931178911566,0.2269193461082252,0.27991537741203415,0.00521798802567233,0.5862068965517241,0.7389162561576355,290
shuffle_mech_policy_017,0.2974023723054206,0.08257736680396084,0.21482500550145978,0.2758543833918955,-0.0003795794445305622,0.5862068965517241,0.7438423645320197,290
shuffle_mech_policy_018,0.3041879628924118,0.07784607749560783,0.22634188539680394,0.2742976428105913,0.0031476279931702635,0.5862068965517241,0.7389162561576355,290
shuffle_mech_policy_019,0.2956009582541455,0.0747342727748044,0.2208666854793411,0.25962554415067035,0.0032097259031727983,0.5862068965517241,0.7438423645320197,290
shuffle_mech_policy_020,0.29840105703507347,0.07759149636834713,0.22080956066672636,0.2716107560300279,-0.00012105732715775814,0.5977011494252874,0.7339901477832512,290
shuffle_mech_policy_021,0.29358516445105104,0.07628505599909816,0.21730010845195288,0.2664789670500262,0.0014073312869800135,0.5632183908045977,0.7339901477832512,290
shuffle_mech_policy_022,0.30239877310292473,0.08119785103011014,0.2212009220728146,0.2790139636089062,-0.00016196571253790644,0.6091954022988506,0.7389162561576355,290
shuffle_mech_policy_023,0.30220025709305687,0.08133660260532877,0.2208636544877281,0.27457552668692053,0.001426899264305096,0.5862068965517241,0.7536945812807881,290
shuffle_mech_policy_024,0.30028679590115603,0.08716077155667573,0.2131260243444803,0.2702090075646324,4.6081804289606407e-05,0.5862068965517241,0.729064039408867,290
shuffle_mech_policy_025,0.30428623750634576,0.07846325485430328,0.22582298265204248,0.2753272639780209,0.005751877325802601,0.5977011494252874,0.729064039408867,290
shuffle_mech_policy_026,0.2995712374304903,0.07563607082725159,0.2239351666032387,0.27435012392956637,-0.0009166734485790647,0.5747126436781609,0.7339901477832512,290
shuffle_mech_policy_027,0.29711310385630046,0.07888157155566615,0.2182315323006343,0.26870346763010683,0.0011254278530040986,0.5862068965517241,0.7438423645320197,290
shuffle_mech_policy_028,0.29905616971610605,0.08144615674987803,0.217610012966228,0.27403957687917796,0.0034658185440331257,0.5747126436781609,0.729064039408867,290
shuffle_mech_policy_029,0.3004287234668074,0.08575659032378878,0.21467213314301858,0.26904505731045514,-0.007545138557849846,0.5862068965517241,0.7389162561576355,290
shuffle_mech_policy_030,0.3039976431206725,0.08527602046140896,0.21872162265926354,0.27650555976848495,-0.0030901483787691654,0.5977011494252874,0.7389162561576355,290
shuffle_mech_policy_031,0.29679765543718445,0.08782843357236514,0.2089692218648193,0.269787923700508,-0.007714919415600781,0.5747126436781609,0.7389162561576355,290
shuffle_mech_policy_032,0.3018408789374362,0.08120439308030265,0.22063648585713358,0.2736104831270788,0.0072211797895102665,0.5862068965517241,0.7438423645320197,290
shuffle_mech_policy_033,0.29865615909126986,0.08084155442973076,0.2178146046615391,0.27368515832670803,0.0009893896104079748,0.5862068965517241,0.7389162561576355,290
shuffle_mech_policy_034,0.29607575172665473,0.09481488575635873,0.20126086597029602,0.2726586625493806,-0.014967648817107009,0.5862068965517241,0.7389162561576355,290
shuffle_mech_policy_035,0.3000447404966957,0.08233097441531168,0.21771376608138404,0.2731811901789972,-0.003122069161807375,0.5862068965517241,0.7389162561576355,290
shuffle_mech_policy_036,0.3037948892719444,0.08101498071342854,0.22277990855851587,0.2700029269032095,0.0005306970383146127,0.5862068965517241,0.7339901477832512,290
shuffle_mech_policy_037,0.30148801858397734,0.08627564786690209,0.21521237071707525,0.2764267037654745,-0.005207245793248633,0.5862068965517241,0.7339901477832512,290
shuffle_mech_policy_038,0.30473452515300664,0.07683392397582238,0.22790060117718425,0.28106125178693353,0.010182932166043173,0.5977011494252874,0.7438423645320197,290
shuffle_mech_policy_039,0.30252767859519214,0.08582174216438397,0.21670593643080815,0.26902383000686253,-0.001789141795024496,0.5862068965517241,0.7389162561576355,290
shuffle_mech_policy_040,0.30429226862288067,0.07924738122618256,0.2250448873966981,0.27539583920747385,8.780659713181369e-05,0.5862068965517241,0.7438423645320197,290
shuffle_mech_policy_041,0.30020895429041194,0.07967253267911854,0.2205364216112934,0.2695178040142717,0.002853502744230731,0.5862068965517241,0.7487684729064039,290
shuffle_mech_policy_042,0.3082138878860693,0.07812374966044731,0.23009013822562197,0.2732870215657114,-0.0030288072715839143,0.5862068965517241,0.7339901477832512,290
shuffle_mech_policy_043,0.30330829707712964,0.08660968341704073,0.2166986136600889,0.26991718485095034,-0.0030847018942457114,0.5862068965517241,0.7339901477832512,290
shuffle_mech_policy_044,0.3001009004040696,0.08152081406322019,0.2185800863408494,0.2695818215437319,-0.005631085136547464,0.5862068965517241,0.7339901477832512,290
shuffle_mech_policy_045,0.2979314835934803,0.07868401284141494,0.21924747075206538,0.2740422160118476,-0.00468163952011193,0.5977011494252874,0.7389162561576355,290
shuffle_mech_policy_046,0.3083109725480792,0.08138710216348394,0.22692387038459527,0.2775162735889698,-0.0007390970079769642,0.5977011494252874,0.7389162561576355,290
shuffle_mech_policy_047,0.2998156246953997,0.0800776933067538,0.2197379313886459,0.2761390997931875,0.002914038417961797,0.5977011494252874,0.7438423645320197,290
shuffle_mech_policy_048,0.30305775580392486,0.07601111947462477,0.22704663632930008,0.273681436376325,0.00538141845629133,0.5862068965517241,0.7339901477832512,290
shuffle_mech_policy_049,0.30067986232795935,0.07787353681226082,0.2228063255156985,0.2745330797872324,-0.0011430555229703782,0.5747126436781609,0.7339901477832512,290
shuffle_policy_label_000,0.24779235982689365,0.17918115564314602,0.06861120418374764,0.21289010440138564,-0.0985393960561071,0.5517241379310345,0.6748768472906403,290
shuffle_policy_label_001,0.2311061952991047,0.16497453265442638,0.06613166264467832,0.21153011575512504,-0.07236150351210768,0.5632183908045977,0.7142857142857143,290
shuffle_policy_label_002,0.15637536869309415,0.2243664933763114,-0.06799112468321725,0.1369619882483592,-0.13735467243223942,0.5172413793103449,0.6748768472906403,290
shuffle_policy_label_003,0.2350468104598166,0.1667777345391917,0.0682690759206249,0.19472690115029784,-0.09929281678693049,0.5402298850574713,0.6896551724137931,290
shuffle_policy_label_004,0.17790519848637198,0.1369041451092424,0.04100105337712959,0.16312817526959825,-0.05775004228934866,0.5402298850574713,0.729064039408867,290
shuffle_policy_label_005,0.18987584525141224,0.15640503546140463,0.033470809790007605,0.1512710510314196,-0.04652687661313071,0.5287356321839081,0.7241379310344828,290
shuffle_policy_label_006,0.1262806244622702,0.16707548730332275,-0.04079486284105255,0.10506738979240944,-0.09452777032928514,0.5402298850574713,0.6896551724137931,290
shuffle_policy_label_007,0.19424022991081763,0.15603561189227502,0.03820461801854261,0.17914274334907532,-0.07993682723474033,0.5747126436781609,0.6847290640394089,290
shuffle_policy_label_008,0.1713929126660029,0.19204073722286177,-0.020647824556858874,0.14074381243908543,-0.08554019463326544,0.5287356321839081,0.6650246305418719,290
shuffle_policy_label_009,0.19195069895050992,0.15368674959748838,0.03826394935302155,0.16295943169415683,-0.06524327316601287,0.5402298850574713,0.6995073891625616,290
shuffle_policy_label_010,0.28844430580221375,0.13466462892998615,0.1537796768722276,0.24613480269908905,-0.049678881730645746,0.5862068965517241,0.7241379310344828,290
shuffle_policy_label_011,0.19032534845601554,0.2110979271125911,-0.020772578656575558,0.14931862475885743,-0.12382419389016523,0.5057471264367817,0.6650246305418719,290
shuffle_policy_label_012,0.23112348903869762,0.15869067480851864,0.07243281423017897,0.19866861402988434,-0.07106753776372947,0.5402298850574713,0.6896551724137931,290
shuffle_policy_label_013,0.21285224902903896,0.1884971901113764,0.02435505891766257,0.19531848084652562,-0.09648896878576044,0.5862068965517241,0.6847290640394089,290
shuffle_policy_label_014,0.22358753883290564,0.14368950593941318,0.07989803289349245,0.17385174608093568,-0.06132751005917347,0.5402298850574713,0.6945812807881774,290
shuffle_policy_label_015,0.2679242968730543,0.1532292033137359,0.1146950935593184,0.22064174566118197,-0.0755336594038409,0.5517241379310345,0.6798029556650246,290
shuffle_policy_label_016,0.23421389052922698,0.14888117572503723,0.08533271480418975,0.20592401921749115,-0.049845258186897036,0.5287356321839081,0.7241379310344828,290
shuffle_policy_label_017,0.2534565763740704,0.16025810061123572,0.09319847576283466,0.21618928880184546,-0.07820321509403548,0.5632183908045977,0.6945812807881774,290
shuffle_policy_label_018,0.24622861407269006,0.1320924373903298,0.11413617668236026,0.20401021666910457,-0.032619409776967145,0.5747126436781609,0.7192118226600985,290
shuffle_policy_label_019,0.24821989418103776,0.16944847648660538,0.07877141769443238,0.20332429489527626,-0.08531593226740512,0.5747126436781609,0.6650246305418719,290
shuffle_policy_label_020,0.21870342342332863,0.17065623321850312,0.04804719020482551,0.18097811731798896,-0.07980735900954072,0.5402298850574713,0.7044334975369458,290
shuffle_policy_label_021,0.23319932347399064,0.15370031427867306,0.07949900919531758,0.19902062082085117,-0.07649058925694432,0.5517241379310345,0.6699507389162561,290
shuffle_policy_label_022,0.21996238519405498,0.1408348398035383,0.07912754539051667,0.18816044960898914,-0.05031372155315183,0.5402298850574713,0.6945812807881774,290
shuffle_policy_label_023,0.23360307360517568,0.17119291454113175,0.06241015906404393,0.1973111804189353,-0.09104274139909321,0.5402298850574713,0.7093596059113301,290
shuffle_policy_label_024,0.23471500981470633,0.17171229565231672,0.06300271416238962,0.18652032255783849,-0.08869672273033358,0.5402298850574713,0.6896551724137931,290
shuffle_policy_label_025,0.23081612818200012,0.15160925888222426,0.07920686929977586,0.17913746516937498,-0.06342939654447763,0.5287356321839081,0.6847290640394089,290
shuffle_policy_label_026,0.2568948167836529,0.1812079507362079,0.07568686604744498,0.2244763382892499,-0.09096291819082693,0.5402298850574713,0.6896551724137931,290
shuffle_policy_label_027,0.228310889382472,0.13733709834772964,0.09097379103474235,0.1990594201046845,-0.04593738964919386,0.5402298850574713,0.7339901477832512,290
shuffle_policy_label_028,0.23292763291419238,0.12963459725156792,0.10329303566262446,0.209919726197747,-0.05458522848601412,0.5632183908045977,0.7389162561576355,290
shuffle_policy_label_029,0.22721930730274353,0.19949307252327209,0.027726234779471448,0.1987838550716981,-0.09746937571194371,0.5402298850574713,0.6699507389162561,290
shuffle_policy_label_030,0.22071642925341925,0.16591976876622938,0.05479666048718987,0.17229005565931058,-0.08261475847859688,0.5287356321839081,0.6896551724137931,290
shuffle_policy_label_031,0.2037285451573887,0.18209232789982716,0.02163621725756154,0.1571040189471738,-0.0903152918507313,0.4942528735632184,0.7093596059113301,290
shuffle_policy_label_032,0.275267252976867,0.15195143905472872,0.12331581392213828,0.2359780436274649,-0.07060645454622842,0.5632183908045977,0.7241379310344828,290
shuffle_policy_label_033,0.16012683733441363,0.19835626770710124,-0.03822943037268761,0.11929393688152576,-0.10546813354703594,0.5172413793103449,0.6847290640394089,290
shuffle_policy_label_034,0.25701713048178576,0.1875566447456482,0.06946048573613756,0.223439397140481,-0.08941662781344259,0.5517241379310345,0.6896551724137931,290
shuffle_policy_label_035,0.23618569824544863,0.14507316166691006,0.09111253657853857,0.19290056439309283,-0.07731762818368197,0.5287356321839081,0.6995073891625616,290
shuffle_policy_label_036,0.18648243113153282,0.1947410585624831,-0.008258627430950294,0.15220025824061756,-0.1211069734592743,0.5402298850574713,0.6995073891625616,290
shuffle_policy_label_037,0.23495356002073178,0.16016400510013984,0.07478955492059194,0.19679373057409263,-0.05037767351994961,0.5517241379310345,0.7093596059113301,290
shuffle_policy_label_038,0.25907072733188496,0.151336532691723,0.10773419464016196,0.2198570411780785,-0.08398712103443193,0.5402298850574713,0.6650246305418719,290
shuffle_policy_label_039,0.20332864063909684,0.16099873724682578,0.04232990339227105,0.15503439409979458,-0.0790704631526482,0.5172413793103449,0.7142857142857143,290
shuffle_policy_label_040,0.21813141271985811,0.15103815224370346,0.06709326047615466,0.17063125162974171,-0.06318816439858799,0.5402298850574713,0.6995073891625616,290
shuffle_policy_label_041,0.17449854031719012,0.18946534464952394,-0.014966804332333827,0.15548417905623885,-0.10092930308556909,0.5287356321839081,0.7093596059113301,290
shuffle_policy_label_042,0.20620927951116672,0.1623970888958776,0.043812190615289126,0.17596893868912225,-0.05910584352580198,0.5172413793103449,0.7093596059113301,290
shuffle_policy_label_043,0.24789374570051828,0.18134026482627896,0.06655348087423932,0.18574872184758898,-0.08940454579779668,0.5517241379310345,0.6748768472906403,290
shuffle_policy_label_044,0.2514857403163252,0.14566212980618032,0.10582361051014488,0.21077257874368252,-0.07058988247305302,0.5632183908045977,0.6945812807881774,290
shuffle_policy_label_045,0.19455839094074293,0.1860183867180876,0.008540004222655329,0.17791405320167542,-0.11709650837141893,0.5517241379310345,0.6748768472906403,290
shuffle_policy_label_046,0.24551397853199092,0.17829949250949428,0.06721448602249663,0.20406724375554885,-0.07847251798131782,0.5517241379310345,0.6896551724137931,290
shuffle_policy_label_047,0.21459021470670042,0.16919636219886725,0.04539385250783318,0.17195521166612363,-0.07078977075997245,0.5517241379310345,0.6995073891625616,290
shuffle_policy_label_048,0.24229571514431086,0.1461485398960818,0.09614717524822905,0.19687115169804673,-0.06684215689821196,0.5402298850574713,0.6896551724137931,290
shuffle_policy_label_049,0.21927480296841984,0.16282196999917475,0.05645283296924508,0.16896312589617982,-0.0623774376188593,0.5172413793103449,0.7044334975369458,290
