"model","condition_label","condition_short","layer","R_mean","R_sd","n","R_z","R_z_clip"
"Qwen","Stable positive","Stable+",0,-0.0668352757477098,0.44924790267042,72,-0.492021049978546,-0.492021049978546
"Qwen","Stable positive","Stable+",1,0.000336739027665721,0.289918986872998,72,-0.447206554954377,-0.447206554954377
"Qwen","Stable positive","Stable+",2,-0.133832903371917,0.288694198067622,72,-0.536719200835512,-0.536719200835512
"Qwen","Stable positive","Stable+",3,-0.117850955782665,0.213764515145312,72,-0.526056681434983,-0.526056681434983
"Qwen","Stable positive","Stable+",4,-0.280773222032521,0.255221617831191,72,-0.634751933685432,-0.634751933685432
"Qwen","Stable positive","Stable+",5,-0.17588071566489,0.564731142327266,72,-0.564771827827302,-0.564771827827302
"Qwen","Stable positive","Stable+",6,-0.147356446832418,0.810649563289143,72,-0.545741570838055,-0.545741570838055
"Qwen","Stable positive","Stable+",7,-0.00163057777616713,0.864984036352343,72,-0.448519070432901,-0.448519070432901
"Qwen","Stable positive","Stable+",8,0.00615050726466709,0.774121834452293,72,-0.443327840156258,-0.443327840156258
"Qwen","Stable positive","Stable+",9,0.250599840655923,0.522954677033494,72,-0.280240973228759,-0.280240973228759
"Qwen","Stable positive","Stable+",10,0.256596937982572,0.777701897733377,72,-0.276239948557944,-0.276239948557944
"Qwen","Stable positive","Stable+",11,0.422381089068949,0.721422325840916,72,-0.165635360638543,-0.165635360638543
"Qwen","Stable positive","Stable+",12,0.616735548194912,0.870751192880545,72,-0.0359698002031233,-0.0359698002031233
"Qwen","Stable positive","Stable+",13,0.45489004937311,0.845317209862961,72,-0.143946676077517,-0.143946676077517
"Qwen","Stable positive","Stable+",14,0.4615576689442,1.06354096607057,72,-0.139498305649879,-0.139498305649879
"Qwen","Stable positive","Stable+",15,0.374032860828771,1.2491497829553,72,-0.197891374413659,-0.197891374413659
"Qwen","Stable positive","Stable+",16,0.40090114540524,1.53168031362639,72,-0.179965924217076,-0.179965924217076
"Qwen","Stable positive","Stable+",17,0.579020975364579,1.86661715645254,72,-0.0611314622746794,-0.0611314622746794
"Qwen","Stable positive","Stable+",18,0.470806017518044,1.66146740569855,72,-0.133328175536464,-0.133328175536464
"Qwen","Stable positive","Stable+",19,0.669480516264836,1.41872470103731,72,-0.000780456589954725,-0.000780456589954725
"Qwen","Stable positive","Stable+",20,1.39032865481244,1.8222491496175,72,0.480140733970567,0.480140733970567
"Qwen","Stable positive","Stable+",21,2.0486919913027,2.09313804307764,72,0.919374551296133,0.919374551296133
"Qwen","Stable positive","Stable+",22,3.17013713800245,2.1987130924806,72,1.6675581232005,1.6675581232005
"Qwen","Stable positive","Stable+",23,3.62267294194963,2.38279092509791,72,1.96947200209882,1.96947200209882
"Qwen","Stable positive","Stable+",24,4.4966317249669,2.75195826226943,72,2.55254252132959,2.5
"Qwen","Stable positive","Stable+",25,5.59530515886015,4.5001846488999,72,3.28553371269169,2.5
"Qwen","Stable positive","Stable+",26,7.88981678916348,5.73376536074831,72,4.81634055811655,2.5
"Qwen","Stable positive","Stable+",27,1.17063959191243,1.41222905603886,72,0.333572934134288,0.333572934134288
"Qwen","Weak positive","Weak+",0,-0.0652118596351809,0.449728430803205,72,-0.490937971355098,-0.490937971355098
"Qwen","Weak positive","Weak+",1,0.0024821302957005,0.293602032374799,72,-0.445775235280139,-0.445775235280139
"Qwen","Weak positive","Weak+",2,-0.139422357082367,0.299378197496003,72,-0.540448261908526,-0.540448261908526
"Qwen","Weak positive","Weak+",3,-0.111547334119678,0.229707191392405,72,-0.521851155925664,-0.521851155925664
"Qwen","Weak positive","Weak+",4,-0.264341428462002,0.244850753212435,72,-0.623789294948651,-0.623789294948651
"Qwen","Weak positive","Weak+",5,-0.168237262301975,0.584481879544581,72,-0.559672419928859,-0.559672419928859
"Qwen","Weak positive","Weak+",6,-0.104488643921084,0.822215847327601,72,-0.517141878738731,-0.517141878738731
"Qwen","Weak positive","Weak+",7,0.0148701647089587,0.871335936997299,72,-0.437510431724243,-0.437510431724243
"Qwen","Weak positive","Weak+",8,-0.00809400942590502,0.751022245180604,72,-0.452831214805448,-0.452831214805448
"Qwen","Weak positive","Weak+",9,0.221572867284218,0.488297299638663,72,-0.299606614680529,-0.299606614680529
"Qwen","Weak positive","Weak+",10,0.220764895694123,0.78745717348695,72,-0.300145661170724,-0.300145661170724
"Qwen","Weak positive","Weak+",11,0.415659465827048,0.706765005567177,72,-0.170119760166171,-0.170119760166171
"Qwen","Weak positive","Weak+",12,0.566755642907487,0.865191863449654,72,-0.0693144039685709,-0.0693144039685709
"Qwen","Weak positive","Weak+",13,0.437786959111691,0.834870347763048,72,-0.15535717725098,-0.15535717725098
"Qwen","Weak positive","Weak+",14,0.423254130201207,1.10589195696759,72,-0.165052902339379,-0.165052902339379
"Qwen","Weak positive","Weak+",15,0.322022152443727,1.28644352053765,72,-0.232590849186291,-0.232590849186291
"Qwen","Weak positive","Weak+",16,0.299321724308862,1.58700067022807,72,-0.247735671432554,-0.247735671432554
"Qwen","Weak positive","Weak+",17,0.523232758045197,1.85905353288598,72,-0.0983511406753814,-0.0983511406753814
"Qwen","Weak positive","Weak+",18,0.448061635096868,1.67604028270058,72,-0.148502322333311,-0.148502322333311
"Qwen","Weak positive","Weak+",19,0.632371141678757,1.39536643649471,72,-0.0255383544779226,-0.0255383544779226
"Qwen","Weak positive","Weak+",20,1.30750773267614,1.82955698246083,72,0.424885910732257,0.424885910732257
"Qwen","Weak positive","Weak+",21,1.73555235833757,2.07425427641646,72,0.710460250149847,0.710460250149847
"Qwen","Weak positive","Weak+",22,2.70661425342162,2.08643357908181,72,1.35831410135451,1.35831410135451
"Qwen","Weak positive","Weak+",23,3.13665926539236,2.12702947106772,72,1.6452230189086,1.6452230189086
"Qwen","Weak positive","Weak+",24,4.41675955222713,2.40596211932741,72,2.49925498633774,2.49925498633774
"Qwen","Weak positive","Weak+",25,5.28664687193102,4.09750119542517,72,3.07960918727721,2.5
"Qwen","Weak positive","Weak+",26,7.5961014231046,5.13469721273012,72,4.62038535482566,2.5
"Qwen","Weak positive","Weak+",27,1.07448698331912,1.02578940295421,72,0.269423740250869,0.269423740250869
"Qwen","Balanced competition","Balanced",0,-0.0660489652719763,0.452397711638459,72,-0.491496454921809,-0.491496454921809
"Qwen","Balanced competition","Balanced",1,-0.00990372316704856,0.298705501107758,72,-0.454038583792649,-0.454038583792649
"Qwen","Balanced competition","Balanced",2,-0.132357924762699,0.314616244405552,72,-0.53573515380693,-0.53573515380693
"Qwen","Balanced competition","Balanced",3,-0.132093609414167,0.27563758658801,72,-0.535558813125305,-0.535558813125305
"Qwen","Balanced competition","Balanced",4,-0.299786665373378,0.346153724850348,72,-0.647436946407479,-0.647436946407479
"Qwen","Balanced competition","Balanced",5,-0.214317325088713,0.653022690387703,72,-0.590415203979259,-0.590415203979259
"Qwen","Balanced competition","Balanced",6,-0.135907599495517,0.914368980669438,72,-0.538103355522827,-0.538103355522827
"Qwen","Balanced competition","Balanced",7,-0.00054682625664605,0.960313321873198,72,-0.447796034548963,-0.447796034548963
"Qwen","Balanced competition","Balanced",8,-0.00749321985575888,0.873043180769171,72,-0.452430391913773,-0.452430391913773
"Qwen","Balanced competition","Balanced",9,0.223411894092957,0.556433958725963,72,-0.298379689181195,-0.298379689181195
"Qwen","Balanced competition","Balanced",10,0.241740322775311,0.788299266644054,72,-0.286151690977883,-0.286151690977883
"Qwen","Balanced competition","Balanced",11,0.385706580761406,0.696152811971752,72,-0.190103133051776,-0.190103133051776
"Qwen","Balanced competition","Balanced",12,0.524140704009268,0.862091904911077,72,-0.0977453952615336,-0.0977453952615336
"Qwen","Balanced competition","Balanced",13,0.445247729619344,0.887069035719238,72,-0.150379648083367,-0.150379648083367
"Qwen","Balanced competition","Balanced",14,0.417469344205326,1.13697370803276,72,-0.168912281339625,-0.168912281339625
"Qwen","Balanced competition","Balanced",15,0.3261229975356,1.40289831840961,72,-0.229854928541672,-0.229854928541672
"Qwen","Balanced competition","Balanced",16,0.347675923671987,1.67770166119384,72,-0.215475673961839,-0.215475673961839
"Qwen","Balanced competition","Balanced",17,0.337893789841069,1.98431867750245,72,-0.222001924355807,-0.222001924355807
"Qwen","Balanced competition","Balanced",18,0.142506652408176,1.62679247934518,72,-0.352356446660277,-0.352356446660277
"Qwen","Balanced competition","Balanced",19,0.373567394498322,1.46910179504395,72,-0.198201915025245,-0.198201915025245
"Qwen","Balanced competition","Balanced",20,0.448662190801567,1.65341465788855,72,-0.148101655467355,-0.148101655467355
"Qwen","Balanced competition","Balanced",21,1.0186875363191,1.79462249783168,72,0.232196569854147,0.232196569854147
"Qwen","Balanced competition","Balanced",22,0.340735823329952,1.61036485801405,72,-0.220105832715978,-0.220105832715978
"Qwen","Balanced competition","Balanced",23,0.240160030623277,2.09588317313776,72,-0.287205999011085,-0.287205999011085
"Qwen","Balanced competition","Balanced",24,0.809509678019418,2.54791070107437,72,0.0926414274144775,0.0926414274144775
"Qwen","Balanced competition","Balanced",25,2.07757992876901,4.06970619429771,72,0.938647433525009,0.938647433525009
"Qwen","Balanced competition","Balanced",26,2.667110113634,5.12637480343304,72,1.33195851142816,1.33195851142816
"Qwen","Balanced competition","Balanced",27,-1.68824050823847,0.973797591995994,72,-1.57375809429086,-1.57375809429086
"Qwen","Direct negative","Direct-",0,-0.0659768686940273,0.447751823706138,72,-0.491448354954217,-0.491448354954217
"Qwen","Direct negative","Direct-",1,-0.000312632570664088,0.294777884410587,72,-0.447639789841845,-0.447639789841845
"Qwen","Direct negative","Direct-",2,-0.13321626600292,0.299247841928612,72,-0.536307804923136,-0.536307804923136
"Qwen","Direct negative","Direct-",3,-0.116027902811766,0.245127289271415,72,-0.524840413044547,-0.524840413044547
"Qwen","Direct negative","Direct-",4,-0.270255493310591,0.281916027039489,72,-0.627734923654534,-0.627734923654534
"Qwen","Direct negative","Direct-",5,-0.149432320975595,0.591247630666227,72,-0.54712651145315,-0.54712651145315
"Qwen","Direct negative","Direct-",6,-0.0982503551575873,0.846181737696491,72,-0.512979940739909,-0.512979940739909
"Qwen","Direct negative","Direct-",7,0.0276131770677037,0.872440153147003,72,-0.42900880101012,-0.42900880101012
"Qwen","Direct negative","Direct-",8,0.00318717252877023,0.747301487211245,72,-0.445304859160688,-0.445304859160688
"Qwen","Direct negative","Direct-",9,0.251188724819157,0.489284179870388,72,-0.279848093150778,-0.279848093150778
"Qwen","Direct negative","Direct-",10,0.247254848687185,0.779496611715439,72,-0.282472618750189,-0.282472618750189
"Qwen","Direct negative","Direct-",11,0.433688399485416,0.70266115177699,72,-0.158091573123906,-0.158091573123906
"Qwen","Direct negative","Direct-",12,0.569309964362118,0.829896052139395,72,-0.0676102623479648,-0.0676102623479648
"Qwen","Direct negative","Direct-",13,0.388690243578619,0.826932403510181,72,-0.188112551960484,-0.188112551960484
"Qwen","Direct negative","Direct-",14,0.440681769616074,1.08183303579361,72,-0.153425874886767,-0.153425874886767
"Qwen","Direct negative","Direct-",15,0.360288676288393,1.33019511158424,72,-0.207060947363878,-0.207060947363878
"Qwen","Direct negative","Direct-",16,0.328576644054717,1.63496417274751,72,-0.228217953231496,-0.228217953231496
"Qwen","Direct negative","Direct-",17,0.457086854510837,1.87637714276864,72,-0.142481055115529,-0.142481055115529
"Qwen","Direct negative","Direct-",18,0.362165158821477,1.67505424899257,72,-0.205809032895881,-0.205809032895881
"Qwen","Direct negative","Direct-",19,0.555751940442456,1.50243823816883,72,-0.0766556363406469,-0.0766556363406469
"Qwen","Direct negative","Direct-",20,0.937292847368452,1.81394494338284,72,0.177893272637736,0.177893272637736
"Qwen","Direct negative","Direct-",21,1.46021542284224,1.976867569406,72,0.526766404327482,0.526766404327482
"Qwen","Direct negative","Direct-",22,0.693937352961964,1.67319154152717,72,0.0155361715495384,0.0155361715495384
"Qwen","Direct negative","Direct-",23,0.662302393052313,1.97296488227525,72,-0.00556941473072494,-0.00556941473072494
"Qwen","Direct negative","Direct-",24,1.63326715760761,2.56569917546159,72,0.642219634850639,0.642219634850639
"Qwen","Direct negative","Direct-",25,2.60752372443676,4.16219092992918,72,1.29220484390579,1.29220484390579
"Qwen","Direct negative","Direct-",26,3.69804432160325,5.02692215019257,72,2.01975678706093,2.01975678706093
"Qwen","Direct negative","Direct-",27,-1.26822285975019,0.850456999140832,72,-1.29353903459486,-1.29353903459486
"Qwen","Exception negative","Exception-",0,-0.0721699371933937,0.443712181759984,72,-0.495580123792435,-0.495580123792435
"Qwen","Exception negative","Exception-",1,0.00347157547043429,0.306883826167148,72,-0.445115116836348,-0.445115116836348
"Qwen","Exception negative","Exception-",2,-0.150559588025014,0.338758419434876,72,-0.547878579166855,-0.547878579166855
"Qwen","Exception negative","Exception-",3,-0.105154221670495,0.266782484026736,72,-0.517585925725246,-0.517585925725246
"Qwen","Exception negative","Exception-",4,-0.270646149706509,0.30161409365103,72,-0.627995554055,-0.627995554055
"Qwen","Exception negative","Exception-",5,-0.225277323275805,0.614536185303659,72,-0.597727278596386,-0.597727278596386
"Qwen","Exception negative","Exception-",6,-0.176471328155862,0.885094470865018,72,-0.565165860976767,-0.565165860976767
"Qwen","Exception negative","Exception-",7,-0.0429866976208157,0.917062536689178,72,-0.476110227750343,-0.476110227750343
"Qwen","Exception negative","Exception-",8,0.0124867943425973,0.760898100522615,72,-0.439100521582069,-0.439100521582069
"Qwen","Exception negative","Exception-",9,0.264440675990449,0.537619312907028,72,-0.27100691871508,-0.27100691871508
"Qwen","Exception negative","Exception-",10,0.220255943222178,0.766000469411875,72,-0.300485214005305,-0.300485214005305
"Qwen","Exception negative","Exception-",11,0.380469446173973,0.707976990300266,72,-0.193597140827101,-0.193597140827101
"Qwen","Exception negative","Exception-",12,0.485540957500537,0.905477075035497,72,-0.123497609984201,-0.123497609984201
"Qwen","Exception negative","Exception-",13,0.354704160657194,0.844231198750344,72,-0.210786713946936,-0.210786713946936
"Qwen","Exception negative","Exception-",14,0.454312253329489,1.09015463899798,72,-0.144332158603364,-0.144332158603364
"Qwen","Exception negative","Exception-",15,0.330941564506955,1.32060378733576,72,-0.226640172422125,-0.226640172422125
"Qwen","Exception negative","Exception-",16,0.313886338224014,1.49818573811008,72,-0.238018740653982,-0.238018740653982
"Qwen","Exception negative","Exception-",17,0.510637576381365,1.76728868541542,72,-0.106754144633053,-0.106754144633053
"Qwen","Exception negative","Exception-",18,0.357836859093772,1.67513508500542,72,-0.208696702221551,-0.208696702221551
"Qwen","Exception negative","Exception-",19,0.461683670679728,1.50237117170627,72,-0.139414242306405,-0.139414242306405
"Qwen","Exception negative","Exception-",20,1.17687323565284,1.86794763415934,72,0.337731773158567,0.337731773158567
"Qwen","Exception negative","Exception-",21,1.64453089609742,2.16808462983789,72,0.649734352909838,0.649734352909838
"Qwen","Exception negative","Exception-",22,2.31106204291185,2.01856049587963,72,1.09441740823064,1.09441740823064
"Qwen","Exception negative","Exception-",23,2.94000085526043,2.01918880768839,72,1.51402035405197,1.51402035405197
"Qwen","Exception negative","Exception-",24,3.97585537201828,2.63662145131734,72,2.20510126389577,2.20510126389577
"Qwen","Exception negative","Exception-",25,5.00765736732218,4.35971848405643,72,2.89347849270302,2.5
"Qwen","Exception negative","Exception-",26,6.83048671401209,5.51201229316397,72,4.10959768996565,2.5
"Qwen","Exception negative","Exception-",27,0.791352741420269,1.59734452154264,72,0.0805278419042365,0.0805278419042365
"Qwen","Update negative","Update",0,-0.0666756083567937,0.442975432962823,72,-0.491914526249584,-0.491914526249584
"Qwen","Update negative","Update",1,-0.0109630069798893,0.29821515964983,72,-0.454745295796428,-0.454745295796428
"Qwen","Update negative","Update",2,-0.150355681363079,0.327436196886484,72,-0.547742540756854,-0.547742540756854
"Qwen","Update negative","Update",3,-0.134668572495381,0.285495592554773,72,-0.537276726017696,-0.537276726017696
"Qwen","Update negative","Update",4,-0.278529991706212,0.321679055619731,72,-0.633255339685199,-0.633255339685199
"Qwen","Update negative","Update",5,-0.184144872344202,0.604486961789756,72,-0.570285344276413,-0.570285344276413
"Qwen","Update negative","Update",6,-0.10508294776082,0.880149288911375,72,-0.517538374609188,-0.517538374609188
"Qwen","Update negative","Update",7,-0.0172001851929559,0.915965233534132,72,-0.458906492880199,-0.458906492880199
"Qwen","Update negative","Update",8,-0.0112213103307618,0.788550813949377,72,-0.454917625512473,-0.454917625512473
"Qwen","Update negative","Update",9,0.252910112755166,0.527176837212097,72,-0.278699651625674,-0.278699651625674
"Qwen","Update negative","Update",10,0.214379840220014,0.742892856163856,72,-0.304405516078014,-0.304405516078014
"Qwen","Update negative","Update",11,0.401327494945791,0.687851536016439,72,-0.179681480770985,-0.179681480770985
"Qwen","Update negative","Update",12,0.467327450298601,0.822695166317809,72,-0.135648937149291,-0.135648937149291
"Qwen","Update negative","Update",13,0.370929825223154,0.808430604077913,72,-0.199961596278713,-0.199961596278713
"Qwen","Update negative","Update",14,0.443782451252143,1.04398369379491,72,-0.151357223496515,-0.151357223496515
"Qwen","Update negative","Update",15,0.345776067839728,1.30633319716188,72,-0.216743182164862,-0.216743182164862
"Qwen","Update negative","Update",16,0.0878220453030533,1.58057467409539,72,-0.388839840246224,-0.388839840246224
"Qwen","Update negative","Update",17,0.380043716894256,1.72686601676417,72,-0.193881170459848,-0.193881170459848
"Qwen","Update negative","Update",18,0.335350091258685,1.5318245237692,72,-0.223698978818807,-0.223698978818807
"Qwen","Update negative","Update",19,0.32685119079219,1.3797288828007,72,-0.229369106980666,-0.229369106980666
"Qwen","Update negative","Update",20,0.109613323377238,1.8554272140473,72,-0.374301566739147,-0.374301566739147
"Qwen","Update negative","Update",21,0.41499795516332,2.24044944090976,72,-0.170561093754976,-0.170561093754976
"Qwen","Update negative","Update",22,-1.03991350862715,2.31967612682005,72,-1.14122012151642,-1.14122012151642
"Qwen","Update negative","Update",23,-0.980681306786007,2.66338304315395,72,-1.1017027537025,-1.1017027537025
"Qwen","Update negative","Update",24,-0.519712696472804,3.44878502256143,72,-0.79416284199582,-0.79416284199582
"Qwen","Update negative","Update",25,0.296103646357854,4.97982645179756,72,-0.249882644972131,-0.249882644972131
"Qwen","Update negative","Update",26,0.408934654461013,6.29257256337286,72,-0.174606286683344,-0.174606286683344
"Qwen","Update negative","Update",27,-3.52126503652996,1.87526125133911,72,-2.79667911098204,-2.5
"Llama","Stable positive","Stable+",0,0.000336883382664786,0.0181442403065774,72,-0.632497748800488,-0.632497748800488
"Llama","Stable positive","Stable+",1,0.0196151142526004,0.043104203627987,72,-0.46306698296607,-0.46306698296607
"Llama","Stable positive","Stable+",2,-0.00670272417159544,0.0429705700657393,72,-0.694366812779389,-0.694366812779389
"Llama","Stable positive","Stable+",3,-0.00463992675455908,0.0644667090520939,72,-0.676237486053938,-0.676237486053938
"Llama","Stable positive","Stable+",4,0.00877266762674683,0.0543380695990628,72,-0.558358093842953,-0.558358093842953
"Llama","Stable positive","Stable+",5,0.0113885580665535,0.107305832113865,72,-0.535367793356067,-0.535367793356067
"Llama","Stable positive","Stable+",6,0.0550683836142222,0.0851915376579343,72,-0.151478506834622,-0.151478506834622
"Llama","Stable positive","Stable+",7,0.0230565345328715,0.106043764198125,72,-0.43282134073996,-0.43282134073996
"Llama","Stable positive","Stable+",8,0.00373160205264058,0.0857355832027115,72,-0.602662553448441,-0.602662553448441
"Llama","Stable positive","Stable+",9,0.0644957404583693,0.126588404027754,72,-0.0686242086018345,-0.0686242086018345
"Llama","Stable positive","Stable+",10,0.10245005827811,0.142591274180445,72,0.264945255230564,0.264945255230564
"Llama","Stable positive","Stable+",11,0.18911835949661,0.170599829704463,72,1.02664775522078,1.02664775522078
"Llama","Stable positive","Stable+",12,0.151302486554616,0.274795908858975,72,0.694295043165072,0.694295043165072
"Llama","Stable positive","Stable+",13,0.150103607421948,0.329277620455886,72,0.683758443050605,0.683758443050605
"Llama","Stable positive","Stable+",14,0.128342190964354,0.497470431568775,72,0.492503681089967,0.492503681089967
"Llama","Stable positive","Stable+",15,0.0983571699923939,0.702727985835214,72,0.228974050123507,0.228974050123507
"Llama","Weak positive","Weak+",0,1.92882143892348e-05,0.0176631823502662,72,-0.635289000391429,-0.635289000391429
"Llama","Weak positive","Weak+",1,0.0192510606979744,0.0437984742916167,72,-0.466266543806542,-0.466266543806542
"Llama","Weak positive","Weak+",2,-0.00581268733367324,0.0446484392923083,72,-0.686544537795372,-0.686544537795372
"Llama","Weak positive","Weak+",3,0.00175076235447907,0.0591392246666562,72,-0.620071577612485,-0.620071577612485
"Llama","Weak positive","Weak+",4,0.0125112971032245,0.052912892355634,72,-0.52550036640705,-0.52550036640705
"Llama","Weak positive","Weak+",5,0.00762551878061559,0.105105707023992,72,-0.568440051509991,-0.568440051509991
"Llama","Weak positive","Weak+",6,0.0525810154827519,0.0786367365416057,72,-0.173339262122306,-0.173339262122306
"Llama","Weak positive","Weak+",7,0.0373658538899488,0.0992356960231073,72,-0.307060893446024,-0.307060893446024
"Llama","Weak positive","Weak+",8,0.00934701381872098,0.0748095743679586,72,-0.553310332156894,-0.553310332156894
"Llama","Weak positive","Weak+",9,0.0705796598663761,0.12850016918547,72,-0.0151544098672937,-0.0151544098672937
"Llama","Weak positive","Weak+",10,0.0918782558809552,0.123776874577631,72,0.172032757787996,0.172032757787996
"Llama","Weak positive","Weak+",11,0.28020407528513,0.147265987109441,72,1.82717362747249,1.82717362747249
"Llama","Weak positive","Weak+",12,0.301402001020809,0.239072573118661,72,2.01347603331712,2.01347603331712
"Llama","Weak positive","Weak+",13,0.319178115524765,0.291804478740207,72,2.16970513516186,2.16970513516186
"Llama","Weak positive","Weak+",14,0.320530623844307,0.503604924712896,72,2.18159193753099,2.18159193753099
"Llama","Weak positive","Weak+",15,0.737052185253965,0.673996462144924,72,5.84227883418197,2.5
"Llama","Balanced competition","Balanced",0,0.00036723340033657,0.0178838302124014,72,-0.632231011319652,-0.632231011319652
"Llama","Balanced competition","Balanced",1,0.018204706785683,0.0439675139164936,72,-0.4754626441069,-0.4754626441069
"Llama","Balanced competition","Balanced",2,-0.0100739673297438,0.0419172843400511,72,-0.723995688683655,-0.723995688683655
"Llama","Balanced competition","Balanced",3,0.00502247045127054,0.0614095638410495,72,-0.591317486421964,-0.591317486421964
"Llama","Balanced competition","Balanced",4,0.0230132746768908,0.0448404933168222,72,-0.433201539036066,-0.433201539036066
"Llama","Balanced competition","Balanced",5,0.0113325958761076,0.0971355852742475,72,-0.535859628776495,-0.535859628776495
"Llama","Balanced competition","Balanced",6,0.0517854003701359,0.0827182085362322,72,-0.180331692016389,-0.180331692016389
"Llama","Balanced competition","Balanced",7,0.0383057407776101,0.0918277841976792,72,-0.298800500869103,-0.298800500869103
"Llama","Balanced competition","Balanced",8,0.0152322644005633,0.0795575297591477,72,-0.501586575971152,-0.501586575971152
"Llama","Balanced competition","Balanced",9,0.0675310947828823,0.128471788624123,72,-0.0419473619943445,-0.0419473619943445
"Llama","Balanced competition","Balanced",10,0.080250883112765,0.128548404569706,72,0.0698431592689234,0.0698431592689234
"Llama","Balanced competition","Balanced",11,0.227598574452309,0.162672869770882,72,1.36483917607281,1.36483917607281
"Llama","Balanced competition","Balanced",12,0.225954917259514,0.237961106618119,72,1.35039355091025,1.35039355091025
"Llama","Balanced competition","Balanced",13,0.265851562273585,0.307599726248198,72,1.70103356370829,1.70103356370829
"Llama","Balanced competition","Balanced",14,0.227433439007857,0.496701129959311,72,1.36338784866581,1.36338784866581
"Llama","Balanced competition","Balanced",15,0.349511534803443,0.70755499262468,72,2.4362967375468,2.4362967375468
"Llama","Direct negative","Direct-",0,-0.000130556889214656,0.01757380751121,72,-0.636605945438484,-0.636605945438484
"Llama","Direct negative","Direct-",1,0.0192153237423756,0.0444958170480876,72,-0.466580625518529,-0.466580625518529
"Llama","Direct negative","Direct-",2,-0.00752819981426001,0.0432978837783558,72,-0.701621678189909,-0.701621678189909
"Llama","Direct negative","Direct-",3,0.00223191674902207,0.0664502077375947,72,-0.615842851537876,-0.615842851537876
"Llama","Direct negative","Direct-",4,0.0107802829394738,0.0538695151010749,72,-0.540713746587692,-0.540713746587692
"Llama","Direct negative","Direct-",5,0.0135371496693956,0.106976414857603,72,-0.516484446476834,-0.516484446476834
"Llama","Direct negative","Direct-",6,0.0601480169376979,0.0766375083264373,72,-0.10683508649377,-0.10683508649377
"Llama","Direct negative","Direct-",7,0.0266599545979665,0.0985266420400819,72,-0.401151929507611,-0.401151929507611
"Llama","Direct negative","Direct-",8,0.0123663710482005,0.078702966962556,72,-0.526774079366385,-0.526774079366385
"Llama","Direct negative","Direct-",9,0.0832132347342041,0.112657568173901,72,0.0958784063451468,0.0958784063451468
"Llama","Direct negative","Direct-",10,0.100265820510685,0.127824045865398,72,0.245748624575186,0.245748624575186
"Llama","Direct negative","Direct-",11,0.167744784202013,0.166756594945587,72,0.83880161647416,0.83880161647416
"Llama","Direct negative","Direct-",12,0.147338243253115,0.249081152156489,72,0.65945446141985,0.65945446141985
"Llama","Direct negative","Direct-",13,0.14291873594953,0.293267304595558,72,0.620612696731521,0.620612696731521
"Llama","Direct negative","Direct-",14,0.0909187497778071,0.521702069880671,72,0.163599937630587,0.163599937630587
"Llama","Direct negative","Direct-",15,0.0237353845602936,0.799176466436529,72,-0.426855125229375,-0.426855125229375
"Llama","Exception negative","Exception-",0,-0.000248079395128621,0.0176116086815387,72,-0.637638816572466,-0.637638816572466
"Llama","Exception negative","Exception-",1,0.020229919697158,0.0430533973459372,72,-0.457663636672868,-0.457663636672868
"Llama","Exception negative","Exception-",2,-0.00490713631734252,0.0410144671130217,72,-0.678585913208179,-0.678585913208179
"Llama","Exception negative","Exception-",3,0.0124635330608322,0.0649346762106694,72,-0.525920150687905,-0.525920150687905
"Llama","Exception negative","Exception-",4,0.0230609647438137,0.043553930657834,72,-0.432782404904104,-0.432782404904104
"Llama","Exception negative","Exception-",5,-0.00030807690281007,0.106057677857842,72,-0.63816611722278,-0.63816611722278
"Llama","Exception negative","Exception-",6,0.0561191506632086,0.0699983646589107,72,-0.142243620759003,-0.142243620759003
"Llama","Exception negative","Exception-",7,0.0408983193337917,0.0870245381882672,72,-0.276015081749304,-0.276015081749304
"Llama","Exception negative","Exception-",8,0.0257006819334088,0.0740891792636719,72,-0.409582698041123,-0.409582698041123
"Llama","Exception negative","Exception-",9,0.0655968404995898,0.164968211963221,72,-0.0589469604921413,-0.0589469604921413
"Llama","Exception negative","Exception-",10,0.102308775608738,0.158012972070447,72,0.263703562928385,0.263703562928385
"Llama","Exception negative","Exception-",11,0.17642251148613,0.165326171140477,72,0.915067638463918,0.915067638463918
"Llama","Exception negative","Exception-",12,0.178362546954304,0.216141906022076,72,0.932118046114722,0.932118046114722
"Llama","Exception negative","Exception-",13,0.171713570546773,0.272824228366494,72,0.873682125705664,0.873682125705664
"Llama","Exception negative","Exception-",14,0.0862783561072623,0.489735886340378,72,0.122816866887321,0.122816866887321
"Llama","Exception negative","Exception-",15,0.00305134885840946,0.804820407355378,72,-0.60864110098413,-0.60864110098413
"Llama","Update negative","Update",0,-0.000331296423812293,0.0175475645769776,72,-0.638370186841629,-0.638370186841629
"Llama","Update negative","Update",1,0.0188203534732262,0.0433225477499357,72,-0.470051904373694,-0.470051904373694
"Llama","Update negative","Update",2,-0.00840899806159238,0.0436890561879633,72,-0.709362757887417,-0.709362757887417
"Llama","Update negative","Update",3,0.0148760130784164,0.0683881084114004,72,-0.504717565258919,-0.504717565258919
"Llama","Update negative","Update",4,0.0204022839768893,0.0465555213403424,72,-0.456148777134438,-0.456148777134438
"Llama","Update negative","Update",5,0.00413627022256454,0.107201362627712,72,-0.599106042563101,-0.599106042563101
"Llama","Update negative","Update",6,0.0457406054613077,0.0848146517883889,72,-0.233457636903373,-0.233457636903373
"Llama","Update negative","Update",7,0.0202649761405256,0.112216706557538,72,-0.457355535785018,-0.457355535785018
"Llama","Update negative","Update",8,0.00126126765583952,0.0672263542003688,72,-0.624373604194795,-0.624373604194795
"Llama","Update negative","Update",9,0.0336466897796426,0.145321742636314,72,-0.339747545438338,-0.339747545438338
"Llama","Update negative","Update",10,0.0645032190821237,0.142385660771649,72,-0.0685584811521193,-0.0685584811521193
"Llama","Update negative","Update",11,0.0973256091690726,0.17466997665188,72,0.219907961980913,0.219907961980913
"Llama","Update negative","Update",12,0.0886481718884574,0.260699666312208,72,0.143644488747611,0.143644488747611
"Llama","Update negative","Update",13,0.0764492037188676,0.314190609357467,72,0.0364313044410265,0.0364313044410265
"Llama","Update negative","Update",14,-0.00698563777324226,0.467931095390253,72,-0.69685325816514,-0.69685325816514
"Llama","Update negative","Update",15,-0.226909072862731,0.698865616374156,72,-2.62969638487848,-2.5
"Gemma","Stable positive","Stable+",0,1.6912862410148,7.88776963404437,72,0.556804693373252,0.556804693373252
"Gemma","Stable positive","Stable+",1,1.44209241204792,5.81495138566678,72,0.530008076147316,0.530008076147316
"Gemma","Stable positive","Stable+",2,0.373082958989673,2.36334922753472,72,0.415054037183873,0.415054037183873
"Gemma","Stable positive","Stable+",3,1.5740259985129,2.47950940411054,72,0.544195320792997,0.544195320792997
"Gemma","Stable positive","Stable+",4,1.30637825363212,1.89763449432148,72,0.515414294390019,0.515414294390019
"Gemma","Stable positive","Stable+",5,1.36825425922871,3.27276053437433,72,0.52206802110675,0.52206802110675
"Gemma","Stable positive","Stable+",6,1.34804249761833,1.67287560213633,72,0.519894585104821,0.519894585104821
"Gemma","Stable positive","Stable+",7,1.11836855113506,1.07376970145411,72,0.495197003883819,0.495197003883819
"Gemma","Stable positive","Stable+",8,1.38039890014463,1.2713981683757,72,0.523373973566807,0.523373973566807
"Gemma","Stable positive","Stable+",9,0.88366830514537,2.78562196460635,72,0.469958928443938,0.469958928443938
"Gemma","Stable positive","Stable+",10,0.785723822812239,3.59511024427578,72,0.459426641936867,0.459426641936867
"Gemma","Stable positive","Stable+",11,1.35387068490187,3.95741771576859,72,0.520521308906151,0.520521308906151
"Gemma","Stable positive","Stable+",12,-0.890362813240952,5.26480463352996,72,0.279191632867711,0.279191632867711
"Gemma","Stable positive","Stable+",13,-0.0597514907519023,4.8999444002493,72,0.368509950919742,0.368509950919742
"Gemma","Stable positive","Stable+",14,-1.01162921388944,6.39477541041422,72,0.266151465163653,0.266151465163653
"Gemma","Stable positive","Stable+",15,-2.5628703493211,5.46959295365415,72,0.0993414959777283,0.0993414959777283
"Gemma","Stable positive","Stable+",16,1.53038152555625,6.03458494655081,72,0.539502089661649,0.539502089661649
"Gemma","Stable positive","Stable+",17,1.85291347569889,6.37414624574066,72,0.574184991910628,0.574184991910628
"Gemma","Stable positive","Stable+",18,-5.35205727484491,10.4577451554494,72,-0.20058878209019,-0.20058878209019
"Gemma","Stable positive","Stable+",19,-14.1233627829287,12.9137574897245,72,-1.14379559120864,-1.14379559120864
"Gemma","Stable positive","Stable+",20,-7.15778128306071,15.1605315745207,72,-0.394764116465232,-0.394764116465232
"Gemma","Stable positive","Stable+",21,-6.60466702779134,21.8359958089665,72,-0.335285954256682,-0.335285954256682
"Gemma","Stable positive","Stable+",22,-16.0086896982458,30.4990313739703,72,-1.34653088327007,-1.34653088327007
"Gemma","Stable positive","Stable+",23,-8.43873666723569,42.9232374671141,72,-0.532509385902864,-0.532509385902864
"Gemma","Stable positive","Stable+",24,-9.02851791514291,63.71702587387,72,-0.595930468249589,-0.595930468249589
"Gemma","Stable positive","Stable+",25,-1.30030421250396,1.34937866031829,72,0.235109310257004,0.235109310257004
"Gemma","Weak positive","Weak+",0,1.67281478974554,7.83328986400307,72,0.554818398562815,0.554818398562815
"Gemma","Weak positive","Weak+",1,1.41346969538265,5.79572254400055,72,0.52693018298429,0.52693018298429
"Gemma","Weak positive","Weak+",2,0.401387916670905,2.30814623209815,72,0.41809776069711,0.41809776069711
"Gemma","Weak positive","Weak+",3,1.67522308313184,2.3846525998599,72,0.555077370128476,0.555077370128476
"Gemma","Weak positive","Weak+",4,1.40656447576152,1.87190108503512,72,0.526187642417312,0.526187642417312
"Gemma","Weak positive","Weak+",5,1.45815920995341,3.17378860111604,72,0.531735790815473,0.531735790815473
"Gemma","Weak positive","Weak+",6,1.35947102018529,1.69649775229982,72,0.521123531046036,0.521123531046036
"Gemma","Weak positive","Weak+",7,1.05136676794953,1.0804961967142,72,0.487992085748721,0.487992085748721
"Gemma","Weak positive","Weak+",8,1.22134079659979,1.40035033066068,72,0.506269941998109,0.506269941998109
"Gemma","Weak positive","Weak+",9,0.580319468345907,2.75628825165824,72,0.437338848326592,0.437338848326592
"Gemma","Weak positive","Weak+",10,0.591803338792589,3.44639981223827,72,0.438573746004065,0.438573746004065
"Gemma","Weak positive","Weak+",11,1.08132297462887,3.73233264870472,72,0.491213373399605,0.491213373399605
"Gemma","Weak positive","Weak+",12,-0.893716583649317,5.37589991530804,72,0.278830991104353,0.278830991104353
"Gemma","Weak positive","Weak+",13,-0.459172180957264,5.09330364540591,72,0.325558954131717,0.325558954131717
"Gemma","Weak positive","Weak+",14,-1.54168376988835,6.2706940124266,72,0.209152986891329,0.209152986891329
"Gemma","Weak positive","Weak+",15,-2.74741831173499,5.76056709157121,72,0.0794964575627171,0.0794964575627171
"Gemma","Weak positive","Weak+",16,1.16703494224283,6.76003747521424,72,0.500430258092758,0.500430258092758
"Gemma","Weak positive","Weak+",17,1.3492738670773,7.45594477466782,72,0.520026998239578,0.520026998239578
"Gemma","Weak positive","Weak+",18,2.13299874464671,10.531489785778,72,0.604303465444799,0.604303465444799
"Gemma","Weak positive","Weak+",19,-7.14819676346249,13.279658769729,72,-0.393733462118642,-0.393733462118642
"Gemma","Weak positive","Weak+",20,2.01312922024065,15.8560697692671,72,0.591413508354445,0.591413508354445
"Gemma","Weak positive","Weak+",21,2.58820947342449,22.4543222525446,72,0.65325374526019,0.65325374526019
"Gemma","Weak positive","Weak+",22,-0.764070298936632,32.2269112516395,72,0.292772274805532,0.292772274805532
"Gemma","Weak positive","Weak+",23,6.03207362360424,46.6131979132852,72,1.02358357964286,1.02358357964286
"Gemma","Weak positive","Weak+",24,5.76755684614182,67.3252304600436,72,0.995139236278161,0.995139236278161
"Gemma","Weak positive","Weak+",25,0.544991546207004,0.980206349428538,72,0.433539922763834,0.433539922763834
"Gemma","Balanced competition","Balanced",0,1.67757429099745,7.92680535966471,72,0.555330203103733,0.555330203103733
"Gemma","Balanced competition","Balanced",1,1.42734774947166,5.88906184542626,72,0.528422534961086,0.528422534961086
"Gemma","Balanced competition","Balanced",2,0.417614935172929,2.27656901084857,72,0.41984270440346,0.41984270440346
"Gemma","Balanced competition","Balanced",3,1.64961081867417,2.30452836419281,72,0.552323200613897,0.552323200613897
"Gemma","Balanced competition","Balanced",4,1.32007349530856,1.71150920976688,72,0.516886987957679,0.516886987957679
"Gemma","Balanced competition","Balanced",5,1.42599479688538,3.04902846513723,72,0.528277047599984,0.528277047599984
"Gemma","Balanced competition","Balanced",6,1.2950149335795,1.660333095574,72,0.514192359885748,0.514192359885748
"Gemma","Balanced competition","Balanced",7,1.0529753383663,1.06836096870933,72,0.48816506052068,0.48816506052068
"Gemma","Balanced competition","Balanced",8,1.135305489103,1.27029479279337,72,0.497018287523096,0.497018287523096
"Gemma","Balanced competition","Balanced",9,0.606518718517489,2.66647537987828,72,0.440156138310718,0.440156138310718
"Gemma","Balanced competition","Balanced",10,0.826653672589196,3.64035776064589,72,0.463827960870547,0.463827960870547
"Gemma","Balanced competition","Balanced",11,1.51091940204302,3.5650906970045,72,0.537409264665341,0.537409264665341
"Gemma","Balanced competition","Balanced",12,-0.70067526317305,5.12683347995089,72,0.299589347741985,0.299589347741985
"Gemma","Balanced competition","Balanced",13,0.646158264742957,5.67627358600295,72,0.444418706736338,0.444418706736338
"Gemma","Balanced competition","Balanced",14,-0.857602900928921,6.60916255769184,72,0.282714412040134,0.282714412040134
"Gemma","Balanced competition","Balanced",15,-3.03139713075426,5.44713719945688,72,0.0489592980147419,0.0489592980147419
"Gemma","Balanced competition","Balanced",16,-1.8326737317774,6.30238774126288,72,0.177861896507357,0.177861896507357
"Gemma","Balanced competition","Balanced",17,-2.17400667402479,5.88766455165341,72,0.141157262857616,0.141157262857616
"Gemma","Balanced competition","Balanced",18,-14.5053403841125,7.20716728547567,72,-1.18487087629993,-1.18487087629993
"Gemma","Balanced competition","Balanced",19,-23.7242137591044,10.2140849977226,72,-2.17620610361353,-2.17620610361353
"Gemma","Balanced competition","Balanced",20,-20.9720862474706,11.7550252131387,72,-1.8802609440084,-1.8802609440084
"Gemma","Balanced competition","Balanced",21,-19.4337723255157,17.6675620332459,72,-1.7148410798374,-1.7148410798374
"Gemma","Balanced competition","Balanced",22,-28.9344240460131,25.2040674771979,72,-2.73647684267537,-2.5
"Gemma","Balanced competition","Balanced",23,-22.6233271492852,35.9687035630443,72,-2.05782421103302,-2.05782421103302
"Gemma","Balanced competition","Balanced",24,-23.5561819341448,55.4273565909652,72,-2.15813709879954,-2.15813709879954
"Gemma","Balanced competition","Balanced",25,-3.60508056481679,0.750617574532245,72,-0.0127307344197175,-0.0127307344197175
"Gemma","Direct negative","Direct-",0,1.66149208280775,7.73457558218564,72,0.553600831317947,0.553600831317947
"Gemma","Direct negative","Direct-",1,1.44428966442744,5.70187262795151,72,0.530244353791939,0.530244353791939
"Gemma","Direct negative","Direct-",2,0.420372085438834,2.24580701373706,72,0.420139189676053,0.420139189676053
"Gemma","Direct negative","Direct-",3,1.67644058912992,2.38656109640736,72,0.555208292480511,0.555208292480511
"Gemma","Direct negative","Direct-",4,1.33050303161144,1.86396013373039,72,0.518008509679589,0.518008509679589
"Gemma","Direct negative","Direct-",5,1.38884408606423,3.21928003646844,72,0.52428211168334,0.52428211168334
"Gemma","Direct negative","Direct-",6,1.35567866679695,1.6142393671,72,0.520715727038393,0.520715727038393
"Gemma","Direct negative","Direct-",7,1.11419894794623,1.11450409330824,72,0.494748632986761,0.494748632986761
"Gemma","Direct negative","Direct-",8,1.32151430886653,1.07834401210478,72,0.517041923292823,0.517041923292823
"Gemma","Direct negative","Direct-",9,0.584190943174892,2.62459717164815,72,0.437755160518279,0.437755160518279
"Gemma","Direct negative","Direct-",10,0.85517860783471,3.23847378420478,72,0.466895339281713,0.466895339281713
"Gemma","Direct negative","Direct-",11,1.34800082114008,3.30513363346157,72,0.519890103498516,0.519890103498516
"Gemma","Direct negative","Direct-",12,-0.701682152847449,5.01099097286907,72,0.299481073643443,0.299481073643443
"Gemma","Direct negative","Direct-",13,0.9421389831437,5.05094356186248,72,0.476246469286173,0.476246469286173
"Gemma","Direct negative","Direct-",14,-0.462970630990134,6.37778191336538,72,0.325150494532197,0.325150494532197
"Gemma","Direct negative","Direct-",15,-2.14803512394428,6.21579129078948,72,0.143950067515568,0.143950067515568
"Gemma","Direct negative","Direct-",16,-0.150541139973534,6.32463483681292,72,0.35874704672442,0.35874704672442
"Gemma","Direct negative","Direct-",17,-1.58287996053696,6.56526918197877,72,0.204723027463545,0.204723027463545
"Gemma","Direct negative","Direct-",18,-14.9522127774027,7.88486822891929,72,-1.23292450797083,-1.23292450797083
"Gemma","Direct negative","Direct-",19,-21.9076067739063,10.3300490186974,72,-1.98086048757588,-1.98086048757588
"Gemma","Direct negative","Direct-",20,-19.5813435249858,13.8851331072508,72,-1.7307098875128,-1.7307098875128
"Gemma","Direct negative","Direct-",21,-18.5051929122872,20.6515753108802,72,-1.61498793659011,-1.61498793659011
"Gemma","Direct negative","Direct-",22,-31.2970547046926,29.0440006111056,72,-2.99053814776214,-2.5
"Gemma","Direct negative","Direct-",23,-22.9214219252268,43.4020479597047,72,-2.08987930501779,-2.08987930501779
"Gemma","Direct negative","Direct-",24,-25.4366285933389,65.1395852743424,72,-2.36034760115877,-2.36034760115877
"Gemma","Direct negative","Direct-",25,-3.42084650860892,0.710503095634175,72,0.0070805486471674,0.0070805486471674
"Gemma","Exception negative","Exception-",0,1.69665912869904,7.73157855847953,72,0.557382457338232,0.557382457338232
"Gemma","Exception negative","Exception-",1,1.46806036101447,5.63357925817428,72,0.532800493565855,0.532800493565855
"Gemma","Exception negative","Exception-",2,0.456381655401654,2.14808470144899,72,0.424011415030769,0.424011415030769
"Gemma","Exception negative","Exception-",3,1.8370927642617,2.30325152161895,72,0.57248373971517,0.57248373971517
"Gemma","Exception negative","Exception-",4,1.38415212598112,1.850818981347,72,0.523777570062434,0.523777570062434
"Gemma","Exception negative","Exception-",5,1.42639953725868,3.14092301572876,72,0.528320570639475,0.528320570639475
"Gemma","Exception negative","Exception-",6,1.44174331592189,1.67825367177291,72,0.529970536713443,0.529970536713443
"Gemma","Exception negative","Exception-",7,1.19389352533552,1.16704010199847,72,0.503318448275274,0.503318448275274
"Gemma","Exception negative","Exception-",8,1.42096613099178,1.11990003643219,72,0.52773629891585,0.52773629891585
"Gemma","Exception negative","Exception-",9,0.623614309562577,2.90777976148815,72,0.441994482427768,0.441994482427768
"Gemma","Exception negative","Exception-",10,0.541191865172651,3.61213037068657,72,0.433131330790749,0.433131330790749
"Gemma","Exception negative","Exception-",11,0.864281778534253,3.95343814949415,72,0.467874232626661,0.467874232626661
"Gemma","Exception negative","Exception-",12,-1.06333129273521,5.12656564603821,72,0.260591773648181,0.260591773648181
"Gemma","Exception negative","Exception-",13,0.889371941486994,5.01710870120257,72,0.470572258880234,0.470572258880234
"Gemma","Exception negative","Exception-",14,-0.402875494211912,6.85135292926133,72,0.331612718673391,0.331612718673391
"Gemma","Exception negative","Exception-",15,-1.58797885560327,5.83605994315076,72,0.204174726809658,0.204174726809658
"Gemma","Exception negative","Exception-",16,-0.488200498951806,7.15833025125106,72,0.322437445347823,0.322437445347823
"Gemma","Exception negative","Exception-",17,-0.944721668958664,6.7267368611263,72,0.273346249554864,0.273346249554864
"Gemma","Exception negative","Exception-",18,-14.8431858023008,9.09341726924814,72,-1.22120048522428,-1.22120048522428
"Gemma","Exception negative","Exception-",19,-25.9235168298086,11.5322822554066,72,-2.41270426568204,-2.41270426568204
"Gemma","Exception negative","Exception-",20,-25.802411350939,14.0035862162255,72,-2.39968140241659,-2.39968140241659
"Gemma","Exception negative","Exception-",21,-25.3674235608843,18.9690938381623,72,-2.35290576051415,-2.35290576051415
"Gemma","Exception negative","Exception-",22,-41.2322795920902,26.9851552291458,72,-4.05890496673567,-2.5
"Gemma","Exception negative","Exception-",23,-37.5278050502141,39.5113808827718,72,-3.66055085526581,-2.5
"Gemma","Exception negative","Exception-",24,-41.2189760870404,61.6243919794223,72,-4.05747439787263,-2.5
"Gemma","Exception negative","Exception-",25,-5.93315944406721,0.702925387399445,72,-0.263076575075948,-0.263076575075948
"Gemma","Update negative","Update",0,1.69334515266948,7.86928326402073,72,0.557026094792948,0.557026094792948
"Gemma","Update negative","Update",1,1.45394148429235,5.77497237774681,72,0.531282245153559,0.531282245153559
"Gemma","Update negative","Update",2,0.396716432438956,2.30362307327491,72,0.41759542091061,0.41759542091061
"Gemma","Update negative","Update",3,1.73497092475494,2.35711115530963,72,0.561502248500013,0.561502248500013
"Gemma","Update negative","Update",4,1.37909871339798,1.8161587455553,72,0.523234160286853,0.523234160286853
"Gemma","Update negative","Update",5,1.39448086420695,3.15656437862974,72,0.524888252641581,0.524888252641581
"Gemma","Update negative","Update",6,1.34943723223276,1.57931903596752,72,0.520044565422349,0.520044565422349
"Gemma","Update negative","Update",7,1.19537697980801,1.09132822778532,72,0.50347796892567,0.50347796892567
"Gemma","Update negative","Update",8,1.44248689669702,1.12810240621179,72,0.530050496355663,0.530050496355663
"Gemma","Update negative","Update",9,0.60519441548321,2.84109200320324,72,0.440013731728469,0.440013731728469
"Gemma","Update negative","Update",10,0.720621410343382,3.69622185939554,72,0.452425969269147,0.452425969269147
"Gemma","Update negative","Update",11,1.19610806968477,3.60767033261399,72,0.503556585381248,0.503556585381248
"Gemma","Update negative","Update",12,-1.00417655458053,5.1207464817816,72,0.266952873688271,0.266952873688271
"Gemma","Update negative","Update",13,0.619982920587063,4.9144270214089,72,0.441603987443286,0.441603987443286
"Gemma","Update negative","Update",14,-1.11006639566686,6.01387165208669,72,0.255566197094113,0.255566197094113
"Gemma","Update negative","Update",15,-2.30215944018629,6.97540679223003,72,0.127376582029718,0.127376582029718
"Gemma","Update negative","Update",16,0.262101409335931,6.74097640615889,72,0.403119832723265,0.403119832723265
"Gemma","Update negative","Update",17,0.471745444668664,6.27565546072824,72,0.42566353290959,0.42566353290959
"Gemma","Update negative","Update",18,-3.15659716394213,7.6227134525456,72,0.0354961340996532,0.0354961340996532
"Gemma","Update negative","Update",19,-8.30917391180992,8.965446391218,72,-0.518577084375673,-0.518577084375673
"Gemma","Update negative","Update",20,-2.52949758701854,9.62504607312923,72,0.102930176888894,0.102930176888894
"Gemma","Update negative","Update",21,-1.49875964389907,15.0770027214714,72,0.21376875678684,0.21376875678684
"Gemma","Update negative","Update",22,-2.94049535857307,21.8122518385425,72,0.0587342591540179,0.0587342591540179
"Gemma","Update negative","Update",23,1.99959713551733,33.1234054710058,72,0.589958359580886,0.589958359580886
"Gemma","Update negative","Update",24,-0.218129177888234,50.197315188577,72,0.351479086724926,0.351479086724926
"Gemma","Update negative","Update",25,-0.517419016195668,1.20572813016611,72,0.31929548382438,0.31929548382438
